Classe,Seq,Evento,Cor,★,Tip,Pistas,Voltas,PP,Pneu,Ouro,Prata,Bronze,Total,200%,MC,Cr/m,Mm,Tempo,Mt,Cr/seg,MVt,Cr/min,Carro usado
Amador,1,Taça Sunday,1,3,Única,High Speed Ring - CV,2,430,ED,"4,420","2,870","2,210","4,420","8,840",,1.1,,02:46.066,,53.3,,"3,195.2",86 GT 15th Anniv '12
Amador,2,Taça Sunday,2,3,Única,Autumn Ring Mini - CV/HV,3,430,ED,"4,540","2,950","2,270","4,540","9,080",,2.4,,02:12.242,,68.8,,"4,127.3",86 GT 15th Anniv '12
Amador,3,Taça Amadora,1,3,Única,Brands Hatch Indy Circuit - CV/HV,2,450,ED,"4,850","3,150","2,430","4,850","9,700",,2.5,,01:49.679,,88.2,★,"5,290.9",86 GT 15th Anniv '12
Amador,4,Taça Amadora,2,3,Única,Grand Valley Leste,2,450,ED,"5,030","3,270","2,520","5,030","10,060",,1.7,,02:33.225,,65.8,,"3,945.1",86 GT 15th Anniv '12
Amador,5,Taça Amadora,3,3,Única,Willow Springs Int. Raceway Big Willow - CV/HV,2,450,ED,"5,130","3,340","2,570","5,130","10,260",★,1.3,,03:00.853,,56.7,,"3,401.1",86 GT 15th Anniv '12
Amador,6,Campeonato Amador,1,3,Camp.,Brands Hatch Indy Circuit - CV/HV,2,450,ED,"4,670","3,040","2,340","4,670","9,340",,2.4,,01:49.201,★,85.7,,"5,141.3",86 GT 15th Anniv '12
Amador,7,Campeonato Amador,2,3,Camp.,Autumn Ring - CV/HV,2,450,ED,"4,930","3,210","2,470","4,930","9,860",,1.7,,02:59.565,,54.8,,"3,286.7",86 GT 15th Anniv '12
Amador,8,Campeonato Amador,3,3,Camp.,Brands Hatch Indy Circuit - CV/HV,2,450,ED,"4,970","3,230","2,480","4,970","9,940",,2.6,★,03:31.809,,46.9,,"2,813.2",86 GT 15th Anniv '12
Nacional B,9,Taça Freshman,1,3,Única,Tsukuba Circuit - CV,2,450,ED,"7,690","5,000","3,840","7,690","15,380",,3.8,,02:11.547,,116.5,,"6,990.9",86 GT 15th Anniv '12
Nacional B,10,Taça Freshman,2,3,Única,Silverstone Stowe Circuit - CV/HV,3,450,ED,"7,880","5,120","3,940","7,880","15,760",,3.0,,02:49.108,,93.3,,"5,595.3",86 GT 15th Anniv '12
Nacional B,11,Taça Freshman,3,3,Única,Special Stage Route 5 Clubman,3,450,ED,"8,300","5,400","4,150","8,300","16,600",,2.2,,03:11.141,,86.9,,"5,214.7",86 GT 15th Anniv '12
Nacional B,12,Taça Clubman 400PP,1,3,Única,Silverstone Nacional Circuit - CV/HV,2,450,ED,"8,220","5,340","4,110","8,220","16,440",,3.1,,02:10.735,,125.5,,"7,529.8",BMW Z8 15th Anniv '01
Nacional B,13,Taça Clubman 400PP,2,3,Única,Circuit di Roma,2,450,ED,"8,570","5,570","4,290","8,570","17,140",,2.5,,02:44.048,,104.5,,"6,270.7",BMW Z8 15th Anniv '01
Nacional B,14,Taça Clubman 400PP,3,3,Única,Autumn Ring - CV/HV,2,450,ED,"8,770","5,700","4,390","8,770","17,540",,3.0,,02:59.819,,97.4,,"5,846.7",BMW Z8 15th Anniv '01
Nacional B,15,Provas Urbanas,1,3,Única,Circuit de Madrid,2,550,ED,"8,430","5,480","4,220","8,430","16,860",,2.5,,03:11.681,,87.8,,"5,268.8",Chevrolet Corvette Stingray (C7) 15th '14
Nacional B,16,Provas Urbanas,2,3,Única,Tokyo R246,2,550,ED,"8,370","5,440","4,190","8,370","16,740",,1.6,,03:55.503,,70.9,,"4,255.9",Chevrolet Corvette Stingray (C7) 15th '14
Nacional B,17,Provas Urbanas,3,3,Única,London,2,550,ED,"8,780","5,710","4,390","8,780","17,560",,4.6,,01:57.235,,150.1,,"9,005.1",Chevrolet Corvette Stingray (C7) 15th '14
Nacional B,18,Corridas de 5 Minutos,1,3,Única,Autumn Ring Mini - CV/HV,7,500,ED,"10,020","6,510","5,010","10,020","20,040",,2.2,,05:02.180,,66.4,,"3,981.5",BMW 135i Coupé '07
Nacional B,19,Corridas de 5 Minutos,2,3,Única,Tsukuba Circuit - CV,5,500,ED,"9,880","6,420","4,940","9,880","19,760",,1.9,,05:24.469,,61.0,,"3,659.3",BMW 135i Coupé '07
Nacional B,20,Corridas de 5 Minutos,3,3,Única,Circuit di Roma,4,500,ED,"10,080","6,550","5,040","10,080","20,160",,1.5,,05:36.734,,59.8,,"3,589.3",BMW 135i Coupé '07
Nacional B,21,Corridas de Kart Júnior Sunday,1,3,Única,Gran Turismo Arena (Percurso A) - HV,3,371,ES,"5,340","3,470","2,670","5,340","10,680",,5.3,,01:42.726,,103.7,,"6,221.4",Gran Turismo Racing Kart Júnior
Nacional B,22,Corridas de Kart Júnior Sunday,2,3,Única,Autumn Ring Mini - CV/HV,2,371,ES,"5,530","3,600","2,770","5,530","11,060",,4.3,,01:42.586,,107.4,,"6,442.7",Gran Turismo Racing Kart Júnior
Nacional B,23,Corridas de Kart Júnior Sunday,3,3,Única,Kart Space II,3,371,ES,"6,100","3,970","3,050","6,100","12,200",,6.2,★,01:40.500,★,122.0,,"7,320.0",Gran Turismo Racing Kart Júnior
Nacional B,24,Desafio FF,1,3,Única,Tsukuba Circuit - CV,3,550,ED,"9,470","6,150","4,730","9,470","18,940",,3.1,,03:14.225,,97.6,,"5,857.7",Volkswagen Scirocco R '10
Nacional B,25,Desafio FF,2,3,Única,Deep Forest Raceway,2,550,ED,"9,530","6,200","4,770","9,530","19,060",,2.6,,02:59.174,,106.5,,"6,388.8",Volkswagen Scirocco R '10
Nacional B,26,Desafio FF,3,3,Única,Twin Ring Motegi - Leste,2,550,ED,"9,620","6,250","4,810","9,620","19,240",,2.8,,03:21.333,,95.7,,"5,743.3",Renault Sport Mégane R.S. Trophy '11
Nacional B,27,Desafio FR,1,3,Única,Grand Valley Leste,2,580,ED,"9,560","6,210","4,780","9,560","19,120",,3.2,,02:18.918,,137.6,,"8,253.2",Ford Shelby GT500 15th Anniv '13
Nacional B,28,Desafio FR,2,3,Única,Trial Mountain Circuit,2,580,ED,"9,850","6,400","4,920","9,850","19,700",,2.5,,03:13.870,,101.5,,"6,092.8",Ford Shelby GT500 15th Anniv '13
Nacional B,29,Desafio FR,3,3,Única,Silverstone Grand Prix Circuit - CV/HV,2,580,ED,"9,830","6,390","4,920","9,830","19,660",,1.7,,04:35.247,,71.5,,"4,289.5",Ford Shelby GT500 15th Anniv '13
Nacional B,30,Desafio de Japoneses Anos 90,1,3,Única,Special Stage Route 5 Clubman,2,540,ED,"10,280","6,680","5,140","10,280","20,560",,4.2,,02:07.578,,160.6,,"9,637.5",Mitsubishi Lancer Evolution VI GSR T.M. SCP '99
Nacional B,31,Desafio de Japoneses Anos 90,2,3,Única,Twin Ring Motegi - Leste,2,540,ED,"10,580","6,880","5,290","10,580","21,160",,3.1,,03:14.035,,109.1,,"6,544.3",Mitsubishi Lancer Evolution VI GSR T.M. SCP '99
Nacional B,32,Desafio de Japoneses Anos 90,3,3,Única,Tokyo R246,2,540,ED,"10,980","7,140","5,490","10,980","21,960",,2.1,,04:07.995,,88.5,,"5,312.9",Mitsubishi Lancer Evolution VI GSR T.M. SCP '99
Nacional B,33,Série de Esportivos Clássicos,1,3,Única,Circuit de Madrid - Mini,2,530,ED,"10,110","6,570","5,060","10,110","20,220",,4.8,,01:50.816,,182.2,★,"10,929.7",Ford GT40 Mark I 15th Anniv '66
Nacional B,34,Série de Esportivos Clássicos,2,3,Única,Circuit di Roma,2,530,ED,"10,080","6,550","5,040","10,080","20,160",,2.9,,02:35.418,,130.1,,"7,803.9",Ford GT40 Mark I 15th Anniv '66
Nacional B,35,Série de Esportivos Clássicos,3,3,Única,Silverstone Grand Prix Circuit - CV/HV,2,530,ED,"11,060","7,190","5,530","11,060","22,120",★,1.9,,04:32.100,,81.3,,"4,879.4",Ford GT40 Mark I 15th Anniv '66
Nacional B,36,Campeonato de Carros Compactos GT,1,3,Camp.,Autumn Ring Mini - Invertida - CV/HV,3,450,ED,"10,340","6,720","5,170","10,340","20,680",,5.4,,02:17.132,,150.9,,"9,056.9",Lancia Delta HF Integrale Evoulizione '91
Nacional B,37,Campeonato de Carros Compactos GT,2,3,Camp.,Cape Ring Interno,3,450,ED,"10,530","6,840","5,260","10,530","21,060",,2.8,,03:17.784,,106.4,,"6,381.8",Lancia Delta HF Integrale Evoulizione '91
Nacional B,38,Campeonato de Carros Compactos GT,3,3,Camp.,Suzuka Circuit - Leste,3,450,ED,"10,720","6,970","5,360","10,720","21,440",,3.2,,03:08.995,,113.4,,"6,806.3",Lancia Delta HF Integrale Evoulizione '91
Nacional A,39,Taça Clubman 500PP,1,3,Única,Matterhorn - Rotenboden - CV/HV,3,600,ES,"14,200","9,230","7,100","14,200","28,400",,2.6,,05:06.883,,92.5,,"5,550.5",SRT Viper GTS 15th Anniv '13
Nacional A,40,Taça Clubman 500PP,2,3,Única,Circuit di Roma,3,600,ES,"14,840","9,650","7,420","14,840","29,680",,2.8,,03:33.207,,139.3,,"8,360.6",SRT Viper GTS 15th Anniv '13
Nacional A,41,Taça Clubman 500PP,3,3,Única,Mount Panorama Motor Racing Circuit - CV/HV,3,600,ES,"15,760","10,240","7,880","15,760","31,520",,1.7,,06:35.128,,79.8,,"4,787.8",SRT Viper GTS 15th Anniv '13
Nacional A,42,Mestres da Noite,1,3,Única,Mount Panorama Motor Racing Circuit - CV/HV,3,450,ES,"16,170","10,510","8,080","16,170","32,340",,1.7,,07:52.379,,68.5,,"4,111.0",Honda S2000 '06
Nacional A,43,Mestres da Noite,2,3,Única,Matterhorn - Rotenboden - CV/HV,3,450,ES,"16,290","10,590","8,140","16,290","32,580",,3.0,,05:42.236,,95.3,,"5,715.8",Honda S2000 '06
Nacional A,44,Mestres da Noite,3,3,Única,Willow Springs Int. Raceway Big Willow - CV/HV,3,450,ES,"17,040","11,070","8,520","17,040","34,080",,2.9,,04:24.924,,128.6,,"7,716.2",Honda S2000 '06
Nacional A,45,Liga Gornergrat,1,3,Única,Matterhorn - Rotenboden - CV/HV,3,600,ES,"17,140","11,140","8,570","17,140","34,280",,3.2,,04:59.154,,114.6,,"6,878.9",Audi Quattro S1 Rally Car 15th Anniv
Nacional A,46,Liga Gornergrat,2,3,Única,Matterhorn - Riffelsee - CV/HV,3,600,ES,"17,610","11,450","8,810","17,610","35,220",,3.6,,03:54.177,,150.5,,"9,030.8",Audi Quattro S1 Rally Car 15th Anniv
Nacional A,47,Liga Gornergrat,3,3,Única,Matterhorn - Dristelen - CV/HV,3,600,ES,"18,180","11,820","9,090","18,180","36,360",,3.8,,03:21.037,,180.9,,"10,853.7",Audi Quattro S1 Rally Car 15th Anniv
Nacional A,48,Taça Clubman de Karts 100,1,3,Única,Autumn Ring Mini - CV/HV,3,457,ES,"14,000","9,100","7,000","14,000","28,000",,7.3,,,,,,,
Nacional A,49,Taça Clubman de Karts 100,2,3,Única,Kart Space I,5,457,ES,"14,600","9,500","7,300","14,600","29,200",,7.6,,,,,,,
Nacional A,50,Taça Clubman de Karts 100,3,3,Única,Gran Turismo Arena (Percurso A) - HV,5,457,ES,"15,600","10,200","7,800","15,600","31,200",,9.3,★,,,,,,
Nacional A,51,Série Esportiva NA,1,3,Única,Silverstone Grand Prix Circuit - CV/HV,3,500,ES,"18,880","12,270","9,440","18,880","37,760",,2.1,,07:04.809,,88.8,,"5,330.8",Ford Mustang Boss 302 '13
Nacional A,52,Série Esportiva NA,2,3,Única,Suzuka Circuit - CV,3,500,ES,"18,720","12,170","9,360","18,720","37,440",,2.1,,07:00.182,,89.1,,"5,348.6",Chevrolet Camaro SS '10
Nacional A,53,Série Esportiva NA,3,3,Única,Brands Hatch Grand Prix Circuit - CV/HV,3,500,ES,"18,550","12,060","9,270","18,550","37,100",,3.2,,05:03.717,,122.0,,"7,322.4",Dodge Charger SRT8 '11
Nacional A,54,Série Esportiva Turbo,1,3,Única,Deep Forest Raceway,2,550,ES,"19,360","12,590","9,680","19,360","38,720",,5.4,,02:41.880,,239.0,★,"14,340.7",Nissan GT-R Black Edition '12
Nacional A,55,Série Esportiva Turbo,2,3,Única,Trial Mountain Circuit,2,550,ES,"19,600","12,740","9,800","19,600","39,200",,4.9,,03:05.015,,211.9,,"12,713.5",Nissan GT-R Black Edition '12
Nacional A,56,Série Esportiva Turbo,3,3,Única,Circuit de Spa-Francorchamps,2,550,ES,"20,380","13,250","10,190","20,380","40,760",,2.9,,05:03.219,,134.5,,"8,071.3",Nissan GT-R Black Edition '12
Nacional A,57,Desafio MR,1,3,Única,Circuit de Madrid - Mini,3,500,ED,"17,850","11,600","8,930","17,850","35,700",,5.6,,02:52.959,,206.4,,"12,381.5",Suzuki GSX-R/4 '01
Nacional A,58,Desafio MR,2,3,Única,Trial Mountain Circuit,3,500,ED,"18,490","12,020","9,240","18,490","36,980",,3.1,,04:42.944,,130.7,,"7,840.3",Suzuki GSX-R/4 '01
Nacional A,59,Desafio MR,3,3,Única,Apricot Hill Raceway - CV/HV,3,500,ED,"18,520","12,040","9,260","18,520","37,040",,3.2,,04:34.128,,135.2,,"8,110.9",Suzuki GSX-R/4 '01
Nacional A,60,Desafio 4x4,1,3,Única,Brands Hatch Indy Circuit - CV/HV,3,500,ED,"18,290","11,890","9,140","18,290","36,580",,6.3,,02:38.696,★,230.1,,"13,803.8",Subaru Impreza WRC 2008
Nacional A,61,Desafio 4x4,2,3,Única,Willow Springs Int. Raceway Big Willow - CV/HV,3,500,ED,"18,450","12,000","9,230","18,450","36,900",,3.1,,04:25.141,,139.2,,"8,354.7",Subaru Impreza WRC 2008
Nacional A,62,Desafio 4x4,3,3,Única,Grand Valley Speedway,2,500,ED,"18,700","12,160","9,350","18,700","37,400",,3.8,,04:19.161,,144.4,,"8,664.1",Subaru Impreza WRC 2008
Nacional A,63,Circuitos Elétricos,1,3,Única,High Speed Ring - CV,2,400,ED,"18,330","11,920","9,170","18,330","36,660",,4.6,,03:00.297,,203.7,,"12,220.0",Toyota Prius G '09
Nacional A,64,Circuitos Elétricos,2,3,Única,Matterhorn - Dristelen - CV/HV,2,400,ED,"18,590","12,080","9,290","18,590","37,180",,5.8,,02:57.660,,208.9,,"12,532.6",Toyota Prius G '09
Nacional A,65,Circuitos Elétricos,3,3,Única,Indianápolis - Percurso de Estrada,2,400,ED,"19,310","12,550","9,650","19,310","38,620",,4.6,,04:06.002,,157.0,,"9,419.5",Toyota Prius G '09
Nacional A,66,Festival Itália,1,3,Única,Circuit di Roma,3,500,ES,"18,070","11,750","9,040","18,070","36,140",,3.5,,04:27.657,,134.9,,"8,091.0",Lancia Delta HF Integrale Evoulizione '91
Nacional A,67,Festival Itália,2,3,Única,Autodromo Nazionale Monza - Sem chicanes- CV,3,500,ES,"18,660","12,130","9,330","18,660","37,320",,2.2,,06:21.780,,97.7,,"5,861.8",Lancia Delta HF Integrale Evoulizione '91
Nacional A,68,Festival Itália,3,3,Única,Côte d'Azur,3,500,ES,"18,650","12,120","9,330","18,650","37,300",,3.7,,05:55.278,,105.1,,"6,304.2",Lancia Delta HF Integrale Evoulizione '91
Nacional A,69,Série de Hatchbacks Europeus Modificados,1,3,Única,London,3,500,ED,"19,130","12,440","9,570","19,130","38,260",,6.6,,03:01.872,,210.2,,"12,613.2",BMW Z8 15th Anniv '01
Nacional A,70,Série de Hatchbacks Europeus Modificados,2,3,Única,Brands Hatch Indy Circuit - CV/HV,3,500,ED,"19,200","12,480","9,600","19,200","38,400",,6.6,,02:41.119,,238.5,,"14,310.6",BMW Z8 15th Anniv '01
Nacional A,71,Série de Hatchbacks Europeus Modificados,3,3,Única,Circuit de Spa-Francorchamps - CV/HV,2,500,ED,"19,840","12,900","9,920","19,840","39,680",,2.8,,05:32.846,,119.2,,"7,149.5",BMW Z8 15th Anniv '01
Nacional A,72,Liga Schwarzwald,1,3,Única,Cape Ring Sul,3,560,ES,"20,080","13,050","10,040","20,080","40,160",,4.1,,04:09.084,,161.3,,"9,677.1",Audi R8 5.2 FSI quattro '09
Nacional A,73,Liga Schwarzwald,2,3,Única,London - Invertida,3,560,ES,"20,570","13,370","10,280","20,570","41,140",,7.1,,02:57.583,,231.1,,"13,867.4",Audi R8 5.2 FSI quattro '09
Nacional A,74,Liga Schwarzwald,3,3,Única,Nürburgrig Nordschleife - CV/HV,1,560,ES,"19,860","12,910","9,930","19,860","39,720",,1.9,,07:48.716,,84.7,,"5,081.4",Audi R8 5.2 FSI quattro '09
Nacional A,75,Série de Muscle Cars Clássicos,1,3,Única,Willow Springs Int. Raceway Big Willow - CV/HV,3,600,ES,"21,290","13,840","10,650","21,290","42,580",,3.6,,04:03.059,,175.2,,"10,513.6",Ford Mark I 15th Anniv '66
Nacional A,76,Série de Muscle Cars Clássicos,2,3,Única,Mazda Raceway Laguna Seca,3,600,ES,"21,400","13,910","10,700","21,400","42,800",,4.0,,04:34.450,,156.2,,"9,372.3",Ford Mark I 15th Anniv '66
Nacional A,77,Série de Muscle Cars Clássicos,3,3,Única,Matterhorn - Dristelen - CV/HV,3,600,ES,"21,810","14,180","10,910","21,810","43,620",★,4.5,,03:28.522,,208.7,,"12,522.5",Ford Mark I 15th Anniv '66
Nacional A,78,Campeonato Nacional de GT,1,3,Camp.,Silverstone Internacional Circuit - CV/HV,3,500,ED,"20,540","13,350","10,270","20,540","41,080",,4.6,,03:47.685,,180.2,,"10,810.5",Chevrolet Camaro SS '10
Nacional A,79,Campeonato Nacional de GT,2,3,Camp.,Apricot Hill Raceway - CV/HV,3,500,ED,"20,840","13,540","10,420","20,840","41,680",,3.6,,04:46.572,,145.2,,"8,713.6",Chevrolet Camaro SS '10
Nacional A,80,Campeonato Nacional de GT,3,3,Camp.,Mount Panorama Motor Racing Circuit - CV/HV,3,500,ED,"20,510","13,330","10,260","20,510","41,020",,2.2,,07:26.558,,91.8,,"5,506.0",Chevrolet Camaro SS '10
Nacional A,81,Campeonato Nacional de GT,4,3,Camp.,Autodromo Nazionale Monza - CV,3,500,ED,"20,120","13,070","10,060","20,120","40,240",,2.3,,06:29.332,,103.4,,"6,206.7",Chevrolet Camaro SS '10
Nacional A,82,Campeonato Nacional de GT,5,3,Camp.,Brands Hatch Grand Prix Circuit - CV/HV,3,500,ED,"20,230","13,150","10,120","20,230","40,460",,3.4,,05:06.962,,131.8,,"7,907.5",Chevrolet Camaro SS '10
Internacional B,83,Tour do Japão,1,3,Única,Twin Ring Motegi - Percurso de Estrada - CV/HV,4,600,ES,"43,200","28,100","21,600","43,200","86,400",,4.5,,08:03.418,,178.9,,"10,732.9",Nissan GT-R Black Edition '12
Internacional B,84,Tour do Japão,2,3,Única,Tokyo R246,4,600,ES,"44,200","28,700","22,100","44,200","88,400",,4.3,,07:20.560,,200.5,,"12,027.2",Nissan GT-R Black Edition '12
Internacional B,85,Tour do Japão,3,3,Única,Suzuka Circuit - CV,4,600,ES,"46,000","29,900","23,000","46,000","92,000",,4.0,,08:50.237,,173.6,,"10,415.1",Nissan GT-R Black Edition '12
Internacional B,86,Tour da Europa,1,3,Única,Brands Hatch Grand Prix Circuit - CV/HV,4,540,ES,"43,100","28,000","21,500","43,100","86,200",,5.5,,06:50.251,,210.2,,"12,614.6",BMW 135i Coupé '07
Internacional B,87,Tour da Europa,2,3,Única,Circuit de Spa-Francorchamps - CV/HV,3,540,ES,"43,800","28,500","21,900","43,800","87,600",,4.2,,08:11.682,,178.0,,"10,682.9",Aston Martin DB9 Coupe '06
Internacional B,88,Tour da Europa,3,3,Única,Ascari - Pista Completa - CV/HV,3,540,ES,"46,800","30,400","23,400","46,800","93,600",★,5.8,,07:14.068,,215.7,,"12,940.1",Alfa Romeo 8C Competizione '08
Internacional B,89,Tour dos EUA,1,3,Única,Willow Springs Int. Raceway Big Willow - CV/HV,4,600,ES,"44,600","29,000","22,300","44,600","89,200",,5.6,,05:36.702,,264.7,,"15,881.3",Chevrolet Corvette Z06 (C6) '06
Internacional B,90,Tour dos EUA,2,3,Única,Mazda Raceway Laguna Seca,4,600,ES,"45,300","29,400","22,600","45,300","90,600",,6.3,,06:19.060,,239.1,,"14,343.0",Chevrolet Corvette Z06 (C6) '06
Internacional B,91,Tour dos EUA,3,3,Única,Indianápolis - Percurso de Estrada,4,600,ES,"46,200","30,000","23,100","46,200","92,400",,5.5,,06:49.997,,225.4,,"13,522.0",Chevrolet Corvette Z06 (C6) '06
Internacional B,92,Festival de Supercarros,1,3,Única,Silverstone Internacional Circuit - CV/HV,3,630,ES,"31,200","20,300","15,600","31,200","62,400",,7.0,,03:13.551,,321.6,,"19,299.0",Ferrari FXX '07
Internacional B,93,Festival de Supercarros,2,3,Única,Autodromo Nazionale Monza - CV,3,630,ES,"29,600","19,300","14,800","29,600","59,200",,3.4,,05:12.043,,189.7,,"11,384.6",Ferrari FXX '07
Internacional B,94,Festival de Supercarros,3,3,Única,Circuit de la Sarthe 2013 - CV/HV,3,630,ES,"32,600","21,200","16,300","32,600","65,200",,1.6,,11:27.436,,94.9,,"5,694.3",Ferrari FXX '07
Internacional B,95,Festival de Carros Modificados,1,3,Única,Apricot Hill Raceway - CV/HV,4,650,ES,"28,800","18,700","14,400","28,800","57,600",,3.7,,05:32.277,,173.5,,"10,409.6",Chevrolet Camaro SS Tourimg Car '10
Internacional B,96,Festival de Carros Modificados,2,3,Única,Daytona - Percurso de Estrada,3,650,ES,"29,700","19,300","14,900","29,700","59,400",,3.5,,05:33.385,,178.4,,"10,702.7",Chevrolet Camaro SS Tourimg Car '10
Internacional B,97,Festival de Carros Modificados,3,3,Única,Cape Ring,2,650,ES,"29,800","19,300","14,900","29,800","59,600",,4.2,,05:19.404,,186.8,,"11,210.0",Chevrolet Camaro SS Tourimg Car '10
Internacional B,98,Corridas de 10 Minutos,1,3,Única,Brands Hatch Grand Prix Circuit - CV/HV,6,530,ES,"39,400","25,600","19,700","39,400","78,800",,3.4,,08:01.741,,163.5,,"9,809.1",Nissan GT-R Black Edition '12
Internacional B,99,Corridas de 10 Minutos,2,3,Única,Circuit di Roma,8,530,ES,"40,200","26,100","20,100","40,200","80,400",,2.9,,07:20.247,,182.7,,"10,963.6",Nissan GT-R Black Edition '12
Internacional B,100,Corridas de 10 Minutos,3,3,Única,Willow Springs Int. Raceway Big Willow - CV/HV,7,530,ES,"41,500","27,000","20,700","41,500","83,000",,3.0,,08:50.546,,156.3,,"9,378.5",Nissan GT-R Black Edition '12
Internacional B,101,Taça Polyphony Digital,1,3,Única,Tsukuba Circuit - CV,5,500,ED,"28,500","18,500","14,200","28,500","57,000",,5.6,,05:16.682,,179.8,,"10,788.6",Ford GT '05
Internacional B,102,Taça Polyphony Digital,2,3,Única,Twin Ring Motegi - Leste,3,500,ED,"29,500","19,200","14,700","29,500","59,000",,5.7,,05:58.327,,164.8,,"9,888.3",Ford GT '05
Internacional B,103,Taça Polyphony Digital,3,3,Única,Trial Mountain Circuit,4,500,ED,"31,400","20,400","15,700","31,400","62,800",,3.9,,06:20.978,,164.8,,"9,889.8",Ford GT '05
Internacional B,104,Campeonato de Kart GT 125,1,3,Camp.,Tsukuba Circuit - CV,6,504,ES,"22,700","14,700","11,300","22,700","45,400",,3.7,,03:51.526,,195.7,,"11,741.4",Red Bull Racing Kart 125
Internacional B,105,Campeonato de Kart GT 125,2,3,Camp.,Twin Ring Motegi - Leste,3,504,ES,"23,400","15,200","11,700","23,400","46,800",,4.6,,02:55.929,★,265.9,,"15,954.5",Red Bull Racing Kart 125
Internacional B,106,Campeonato de Kart GT 125,3,3,Camp.,Trial Mountain Circuit,8,504,ES,"24,800","16,100","12,400","24,800","49,600",,1.6,,04:02.109,,205.0,,"12,297.5",Red Bull Racing Kart 125
Internacional B,107,Provas de Terra,1,3,Única,Toscana - HV,2,600,TE,"27,500","17,900","13,800","27,500","55,000",,8.1,,03:41.470,,248.9,,"14,932.1",Audi Quattro S1 Rally Car 15th Anniv
Internacional B,108,Provas de Terra,2,3,Única,Trilha K de Eiger Nordwand,1,600,TE,"29,500","19,200","14,800","29,500","59,000",,8.2,,04:06.115,,239.8,,"14,390.2",Audi Quattro S1 Rally Car 15th Anniv
Internacional B,109,Provas de Terra,3,3,Única,Trilha W de Eiger Nordwand,4,600,TE,"31,900","20,700","15,900","31,900","63,800",,10.2,★,04:39.077,,228.7,,"13,720.4",Audi Quattro S1 Rally Car 15th Anniv
Internacional B,110,Britânicos Leves,1,3,Única,Circuit de Madrid,3,550,ED,"41,500","26,900","20,700","41,500","83,000",,8.2,,04:50.737,,285.2,,"17,113.4",Lotus Elise Race Car '96
Internacional B,111,Britânicos Leves,2,3,Única,Circuit di Roma,3,550,ED,"41,800","27,200","20,900","41,800","83,600",,8.0,,04:05.416,,341.2,,"20,473.5",Lotus Elise Race Car '96
Internacional B,112,Britânicos Leves,3,3,Única,Matterhorn - Dristelen - CV/HV,3,550,ED,"42,800","27,900","21,400","42,800","85,600",,8.9,,03:45.280,,380.4,★,"22,826.7",Lotus Elise Race Car '96
Internacional B,113,Corredores da Meia-noite,1,3,Única,Daytona - Percurso de Estrada - CV/HV,3,630,CD,"32,700","21,200","16,300","32,700","65,400",,3.8,,05:20.852,,203.7,,"12,224.3",Ford GT LM Spec II Test Car
Internacional B,114,Corredores da Meia-noite,2,3,Única,Circuit de Spa-Francorchamps - CV/HV,3,630,CD,"33,900","22,000","16,900","33,900","67,800",,3.2,,06:55.680,,163.0,,"9,778.8",Ford GT LM Spec II Test Car
Internacional B,115,Corredores da Meia-noite,3,3,Única,Nürburgrig 24h - CV/HV,1,630,CD,"36,600","23,800","18,300","36,600","73,200",,2.9,,08:29.475,,143.8,,"8,628.7",Ford GT LM Spec II Test Car
Internacional B,116,Batalha de Potentes,1,3,Única,Brands Hatch Grand Prix Circuit - CV/HV,4,600,ED,"39,700","25,800","19,900","39,700","79,400",,5.1,,06:21.608,,207.9,,"12,471.2",Ford GT '05
Internacional B,117,Batalha de Potentes,2,3,Única,Circuit de Spa-Francorchamps,3,600,ED,"41,800","27,200","20,900","41,800","83,600",,4.0,,07:43.043,,180.6,,"10,833.7",Ford GT '05
Internacional B,118,Batalha de Potentes,3,3,Única,Eiger Nordwand - Pista Curta,5,600,ED,"42,200","27,400","21,100","42,200","84,400",,6.9,,05:48.258,,242.5,,"14,551.7",Ford GT '05
Internacional B,119,Festival de Supercarros Clássicos,1,3,Única,Circuit di Roma,3,560,ED,"28,500","18,500","14,300","28,500","57,000",,5.5,,03:52.075,,245.7,,"14,741.4",Ford GT40 Mark I 15th Annin '66
Internacional B,120,Festival de Supercarros Clássicos,2,3,Única,Nürburgrig GP/F - CV/HV,2,560,ED,"30,100","19,600","15,000","30,100","60,200",,5.8,,04:30.019,,223.0,,"13,377.8",Ford GT40 Mark I 15th Annin '66
Internacional B,121,Festival de Supercarros Clássicos,3,3,Única,Grand Valley Speedway,2,560,ED,"28,600","18,600","14,300","28,600","57,200",,5.8,,04:18.652,,220.8,,"13,251.0",Ford GT40 Mark I 15th Annin '66
Internacional B,122,Taça de Carros de Corrida Históricos,1,3,Única,Côte d'Azur,4,750,CD,"44,000","28,600","22,000","44,000","88,000",,6.6,,06:14.245,,235.3,,"14,117.6",Jaguar XJ13 '66
Internacional B,123,Taça de Carros de Corrida Históricos,2,3,Única,Apricot Hill Raceway - CV/HV,4,750,CD,"42,400","27,600","21,200","42,400","84,800",,5.5,,05:19.033,,265.8,,"15,949.8",Jaguar XJ13 '66
Internacional B,124,Taça de Carros de Corrida Históricos,3,3,Única,Silverstone Grand Prix Circuit - CV/HV,4,750,CD,"46,300","30,100","23,200","46,300","92,600",,3.9,,07:46.593,,198.3,,"11,897.2",Jaguar XJ13 '66
Internacional B,125,Campeonato GT All-Stars,1,3,Camp.,High Speed Ring - CV,5,650,CD,"39,900","25,900","19,900","39,900","79,800",,4.0,,05:38.943,,235.4,,"14,123.9",Mercedes-Benz SLS AMG GT3 15th Anniv  '11
Internacional B,126,Campeonato GT All-Stars,2,3,Camp.,Apricot Hill Raceway - CV/HV,5,650,CD,"40,900","26,600","20,500","40,900","81,800",,4.2,,06:45.272,,202.0,,"12,118.5",Mercedes-Benz SLS AMG GT3 15th Anniv  '11
Internacional B,127,Campeonato GT All-Stars,3,3,Camp.,Mount Panorama Motor Racing Circuit - CV/HV,5,650,CD,"41,500","27,000","20,700","41,500","83,000",,2.7,,10:43.902,,128.9,,"7,732.9",Mercedes-Benz SLS AMG GT3 15th Anniv  '11
Internacional B,128,Campeonato GT All-Stars,4,3,Camp.,Brands Hatch Grand Prix Circuit - CV/HV,5,650,CD,"41,400","26,900","20,700","41,400","82,800",,4.2,,07:11.748,,191.7,,"11,500.0",Mercedes-Benz SLS AMG GT3 15th Anniv  '11
Internacional B,129,Campeonato GT All-Stars,5,3,Camp.,Grand Valley Speedway,5,650,CD,"42,400","27,600","21,200","42,400","84,800",,3.4,,09:23.275,,150.6,,"9,037.3",Mercedes-Benz SLS AMG GT3 15th Anniv  '11
Internacional A,130,Tour de Circuitos Mundiais,1,3,Única,Twin Ring Motegi - Percurso de Estrada - CV/HV,5,600,CD,"71,900","46,700","35,900","71,900","143,800",,6.0,,09:01.061,,265.8,,"15,948.2",Honda HSV-010 GT 15th Anniv '11
Internacional A,131,Tour de Circuitos Mundiais,2,3,Única,Brands Hatch Grand Prix Circuit - CV/HV,5,600,CD,"72,399","47,000","36,100","72,399","144,798",,7.4,,06:55.448,,348.9,,"20,934.7",Honda HSV-010 GT 15th Anniv '11
Internacional A,132,Tour de Circuitos Mundiais,3,3,Única,Daytona - Percurso de Estrada - CV/HV,5,600,CD,"74,900","48,700","37,500","74,900","149,800",,5.2,,08:38.528,,288.6,,"17,317.9",Honda HSV-010 GT 15th Anniv '11
Internacional A,133,Tour de Circuitos Mundiais,4,3,Única,Circuit de Spa-Francorchamps - CV/HV,5,600,CD,"77,300","50,200","38,600","77,300","154,600",,4.4,,11:16.720,,228.4,,"13,701.6",Honda HSV-010 GT 15th Anniv '11
Internacional A,134,Tour de Circuitos Mundiais,5,3,Única,Ascari - Pista Completa - CV/HV,4,600,CD,"69,700","45,300","34,900","69,700","139,400",,6.4,,07:56.646,,292.2,,"17,534.6",Honda HSV-010 GT 15th Anniv '11
Internacional A,135,Corridas de 15 Minutos,1,3,Única,Apricot Hill Raceway - CV/HV,10,650,CD,"79,400","51,600","39,700","79,400","158,800",,4.1,,15:37.546,,169.3,,"10,157.8",McLaren F1 '94
Internacional A,136,Corridas de 15 Minutos,2,3,Única,Ascari - Pista Completa - CV/HV,8,650,CD,"78,400","51,000","39,200","78,400","156,800",,3.6,,16:22.203,,159.7,,"9,580.4",McLaren F1 '94
Internacional A,137,Corridas de 15 Minutos,3,3,Única,Nürburgrig Nordschleife - CV/HV,2,650,CD,"81,700","53,100","40,900","81,700","163,400",,3.9,,20:12.865,,134.7,,"8,082.4",Volkswagen GTI Roadster Vision Gran Turismo
Internacional A,138,Mestres da Chuva,1,3,Única,Circuit de Spa-Francorchamps - CV/HV,3,650,CC,"69,600","45,200","34,800","69,600","139,200",,6.6,,07:36.368,,305.3,,"18,315.8",Pagani Huayra 15th Anniv '13
Internacional A,139,Mestres da Chuva,2,3,Única,Circuit de la Sarthe 2013 - CV/HV,2,650,CC,"73,200","47,600","36,600","73,200","146,400",,5.4,,08:21.256,,292.2,,"17,532.9",Pagani Huayra 15th Anniv '13
Internacional A,140,Mestres da Chuva,3,3,Única,Nürburgrig 24h - CV/HV,1,650,CC,"73,800","48,000","36,900","73,800","147,600",,5.8,,10:03.768,,244.4,,"14,662.3",Pagani Huayra 15th Anniv '13
Internacional A,141,Campeonato de Carros dos Sonhos,1,3,Camp.,Twin Ring Motegi - Percurso de Estrada,5,720,CD,"68,900","44,800","34,400","68,900","137,800",,5.7,,08:30.664,,269.7,,"16,180.0",Bentley Speed 8
Internacional A,142,Campeonato de Carros dos Sonhos,2,3,Camp.,Willow Springs Int. Raceway Big Willow - CV/HV,4,720,CD,"71,000","46,200","35,500","71,000","142,000",,9.0,,04:38.331,,510.8,,"30,647.5",Bentley Speed 8
Internacional A,143,Campeonato de Carros dos Sonhos,3,3,Camp.,Cape Ring,4,720,CD,"73,600","47,800","36,800","73,600","147,200",,5.2,,09:31.935,,257.3,,"15,440.6",Bentley Speed 8
Internacional A,144,Campeonato de Carros dos Sonhos,4,3,Camp.,Circuit de la Sarthe 2013 - CV/HV,3,720,CD,"74,800","48,600","37,400","74,800","149,600",,3.7,,10:37.951,,234.5,,"14,069.0",Bentley Speed 8
Internacional A,145,Campeonato de Carros dos Sonhos,5,3,Camp.,Nürburgrig 24h - CV/HV,2,720,CD,"76,000","49,400","38,000","76,000","152,000",,3.0,,16:02.121,,158.0,,"9,480.2",Bentley Speed 8
Internacional A,146,Campeonato de Kart GT 125 Shifter,1,3,Camp.,Brands Hatch Indy Circuit - CV/HV,4,582,ES,"41,200","26,800","20,600","41,200","82,400",,10.6,,03:16.324,,420.4,,"25,224.5",Gran Turismo Racing Kart 125 Shifter
Internacional A,147,Campeonato de Kart GT 125 Shifter,2,3,Camp.,Willow Springs Int. Raceway Big Willow - CV/HV,3,582,ES,"43,200","28,100","21,600","43,200","86,400",,7.3,,03:39.929,,392.7,,"23,563.6",Gran Turismo Racing Kart 125 Shifter
Internacional A,148,Campeonato de Kart GT 125 Shifter,3,3,Camp.,Gran Turismo Arena (Percurso A) - HV,8,582,ES,"43,600","28,300","21,800","43,600","87,200",,16.3,★,,,,,,Gran Turismo Racing Kart 125 Shifter
Internacional A,149,Campeonato Mundial Carros Turismo 550PP,1,3,Camp.,Grand Valley Speedway,5,600,CD,"58,600","38,100","29,300","58,600","117,200",,4.7,,08:58.865,,217.4,,"13,046.4",Honda HSV-010 GT Base Model '12
Internacional A,150,Campeonato Mundial Carros Turismo 550PP,2,3,Camp.,Tokyo R246,5,600,CD,"50,900","33,100","25,400","50,900","101,800",,4.0,,08:14.753,,205.7,,"12,339.4",Honda HSV-010 GT Base Model '12
Internacional A,151,Campeonato Mundial Carros Turismo 550PP,3,3,Camp.,Mount Panorama Motor Racing Circuit - CV/HV,5,600,CD,"58,600","38,100","29,300","58,600","117,200",,3.8,,10:17.701,,189.6,,"11,378.6",Honda HSV-010 GT Base Model '12
Internacional A,152,Campeonato Mundial Carros Turismo 600PP,1,3,Camp.,Grand Valley Speedway,5,650,CD,"67,800","44,100","33,900","67,800","135,600",,5.5,,09:09.243,,247.0,,"14,819.7",Mercedez-Benz SLS AMG GT3 '11
Internacional A,153,Campeonato Mundial Carros Turismo 600PP,2,3,Camp.,Tokyo R246,5,650,CD,"69,600","45,200","34,800","69,600","139,200",,5.4,,08:18.586,,279.0,,"16,737.5",Mercedez-Benz SLS AMG GT3 '11
Internacional A,154,Campeonato Mundial Carros Turismo 600PP,3,3,Camp.,Mount Panorama Motor Racing Circuit - CV/HV,5,650,CD,"68,900","44,800","34,500","68,900","137,800",,4.4,,10:14.843,,224.1,,"13,443.9",Mercedez-Benz SLS AMG GT3 '11
Internacional A,155,Campeonato Super GT300,1,3,Camp.,Deep Forest Raceway,4,550,CD,"60,200","39,100","30,100","60,200","120,400",,8.4,,05:23.512,,371.6,,"22,296.3",Subaru Impreza Touring Car
Internacional A,156,Campeonato Super GT300,2,3,Camp.,Fuji Speedway F,4,550,CD,"64,400","41,900","32,200","64,400","128,800",,7.1,,07:04.870,,303.1,,"18,183.5",Subaru Impreza Touring Car
Internacional A,157,Campeonato Super GT300,3,3,Camp.,Suzuka Circuit - CV,4,550,CD,"66,900","43,500","33,400","66,900","133,800",,5.8,,08:47.807,,253.4,,"15,204.5",Subaru Impreza Touring Car
Internacional A,158,Campeonato Super GT300,4,3,Camp.,Twin Ring Motegi - Percurso de Estrada - CV/HV,4,550,CD,"65,900","42,800","32,900","65,900","131,800",,6.9,,08:02.280,,273.4,,"16,406.6",Subaru Impreza Touring Car
Internacional A,159,Campeonato Super GT300,5,3,Camp.,Nürburgrig GP/D - CV/HV,5,550,CD,"68,900","44,800","34,500","68,900","137,800",,7.6,,07:51.571,,291.9,,"17,516.9",Subaru Impreza Touring Car
Internacional A,160,Campeonato Super GT500,1,3,Camp.,Deep Forest Raceway,5,650,CD,"70,600","45,900","35,300","70,600","141,200",,7.8,,05:39.752,,415.3,,"24,917.6",Audi R18 TDI 15th Anniversary Edition '11
Internacional A,161,Campeonato Super GT500,2,3,Camp.,Fuji Speedway F,5,650,CD,"72,500","47,100","36,200","72,500","145,000",,6.4,,07:46.136,,311.2,,"18,669.5",Audi R18 TDI 15th Anniversary Edition '11
Internacional A,162,Campeonato Super GT500,3,3,Camp.,Suzuka Circuit - CV,5,650,CD,"74,900","48,700","37,400","74,900","149,800",,5.2,,09:35.234,,260.5,,"15,631.3",Audi R18 TDI 15th Anniversary Edition '11
Internacional A,163,Campeonato Super GT500,4,3,Camp.,Twin Ring Motegi - Percurso de Estrada - CV/HV,5,650,CD,"77,900","50,600","38,900","77,900","155,800",,6.5,,08:39.052,,300.2,,"18,011.6",Audi R18 TDI 15th Anniversary Edition '11
Internacional A,164,Campeonato Super GT500,5,3,Camp.,Nürburgrig GP/D - CV/HV,6,650,CD,"80,400","52,300","40,200","80,400","160,800",,7.4,,07:54.662,,338.5,,"20,311.6",Audi R18 TDI 15th Anniversary Edition '11
Internacional A,165,Séries do Grupo GT3,1,3,Camp.,Silverstone Grand Prix Circuit - CV/HV,4,650,CD,"80,900","52,600","40,500","80,900","161,800",,6.9,,07:39.415,,352.5,,"21,150.3",Audi R18 TDI 15th Anniversary Edition '11
Internacional A,166,Séries do Grupo GT3,2,3,Camp.,Circuit de Spa-Francorchamps - CV/HV,5,650,CD,"77,300","50,200","38,600","77,300","154,600",,4.4,,10:53.012,,236.8,,"14,205.2",Audi R18 TDI 15th Anniversary Edition '11
Internacional A,167,Séries do Grupo GT3,3,3,Camp.,Autodromo Nazionale Monza - CV,5,650,CD,"74,700","48,600","37,400","74,700","149,400",,5.2,,08:20.283,,298.8,,"17,928.0",Audi R18 TDI 15th Anniversary Edition '11
Internacional A,168,Séries do Grupo GT3,4,3,Camp.,Nürburgrig GP/F - CV/HV,5,650,CD,"77,800","50,600","38,900","77,800","155,600",,6.0,,09:12.535,,281.4,,"16,882.5",Audi R18 TDI 15th Anniversary Edition '11
Internacional A,169,Séries do Grupo GT3,5,3,Camp.,Suzuka Circuit - CV,5,650,CD,"80,200","52,200","40,100","80,200","160,400",,5.5,,09:21.918,,285.4,,"17,124.6",Audi R18 TDI 15th Anniversary Edition '11
Internacional A,170,Taça Gran Turismo Nascar,1,3,Única,Daytona Internacional Speedway - CV/HV,5,600,CD,"78,400","50,900","39,200","78,400","156,800",,7.8,,04:24.574,,591.7,,"35,501.9",2013 Jeff Gordon #24 Chevrolet SS
Internacional A,171,Taça Gran Turismo Nascar,2,3,Única,Willow Springs Int. Raceway Big Willow - CV/HV,5,680,CD,"81,100","52,700","40,600","81,100","162,200",,8.2,,06:27.105,,419.1,,"25,147.3",2013 Jeff Gordon #24 Chevrolet SS
Internacional A,172,Taça Gran Turismo Nascar,3,3,Única,High Speed Ring - CV,5,680,CD,"82,100","53,400","41,100","82,100","164,200",,8.2,,05:31.856,,494.6,,"29,674.7",2013 Jeff Gordon #24 Chevrolet SS
Internacional A,173,Taça Gran Turismo Nascar,4,3,Única,Super Autódromo de Twin Ring Motegi,5,600,CD,"84,600","55,000","42,300","84,600","169,200",★,1.1,,03:14.729,★,867.7,★,"52,061.5",2013 Jeff Gordon #24 Chevrolet SS
Internacional A,174,Taça Gran Turismo Nascar,5,3,Única,Indianápolis Motor Speedway,5,600,CD,"76,900","50,000","38,500","76,900","153,800",,7.6,,04:52.862,,524.9,,"31,494.9",2013 Jeff Gordon #24 Chevrolet SS
Internacional A,175,Como o Vento,1,3,Única,Indianápolis Motor Speedway,5,750,CD,"69,800","45,400","34,900","69,800","139,600",,6.9,,03:52.120,,601.7,,"36,103.4",Audi R8 Race Car '01
Internacional A,176,Como o Vento,2,3,Única,Special Stage Route 7 - CV,1,750,CD,"68,000","44,200","34,000","68,000","136,000",,5.8,,04:04.748,,555.1,,"33,306.1",Pagani Huayra 15th Anniv '13
Internacional A,177,Como o Vento,3,3,Única,Special Stage Route X - HV,1,750,CD,"70,200","45,600","35,100","70,200","140,400",,4.6,,03:56.168,,594.9,,"35,694.9",Pagani Huayra 15th Anniv '13
Internacional A,178,Campeonato Mundial de GT,1,3,Camp.,Mount Panorama Motor Racing Circuit - CV/HV,4,750,CD,"75,800","49,300","37,900","75,800","151,600",,6.1,,07:30.815,,336.1,,"20,168.5",Audi R8 Race Car '01
Internacional A,179,Campeonato Mundial de GT,2,3,Camp.,Mazda Raceway Laguna Seca,6,750,CD,"77,500","50,400","38,700","77,500","155,000",,7.2,,07:41.905,,335.5,,"20,129.9",Audi R8 Race Car '01
Internacional A,180,Campeonato Mundial de GT,3,3,Camp.,Circuit de Spa-Francorchamps - CV/HV,5,750,CD,"78,800","51,200","39,400","78,800","157,600",,4.5,,10:16.620,,255.4,,"15,325.8",Audi R8 Race Car '01
Internacional A,181,Campeonato Mundial de GT,4,3,Camp.,Silverstone Grand Prix Circuit - CV/HV,5,750,CD,"79,600","51,700","39,800","79,600","159,200",,5.4,,09:02.807,,293.2,,"17,591.2",Audi R8 Race Car '01
Internacional A,182,Campeonato Mundial de GT,5,3,Camp.,Nürburgrig 24h - CV/HV,2,750,CD,"80,000","52,000","40,000","80,000","160,000",,3.2,,15:22.234,,173.5,,"10,412.1",Audi R8 Race Car '01
Super,183,Desafio das 20 Milhas de Willow Springs,1,3,Única,Willow Springs Int. Raceway Big Willow - CV/HV,8,650,ES,"137,000","89,000","68,000","137,000","274,000",,8.7,★,11:15.515,★,405.3,★,"24,319.5",Ferrari FXX '07
Super,184,Desafio de 20 Minutos de Apricot Hill,1,3,Única,Apricot Hill Raceway - CV/HV,15,650,CD,"159,000","103,000","79,000","159,000","318,000",,5.5,,20:14.138,,261.9,,"15,716.6",McLaren F1 GTR Race Car '97
Super,185,Desafio de 10 Voltas no Suzuka Circuit,1,3,Única,Suzuka Circuit - CV,10,650,CD,"188,000","122,000","94,000","188,000","376,000",,6.5,,21:09.626,,296.1,,"17,763.8",Nissan Z GT500 Base Model '07
Super,186,Desafio de 15 Voltas de Brands Hatch,1,3,Única,Brands Hatch Grand Prix Circuit - CV/HV,15,650,CD,"203,000","132,000","101,000","203,000","406,000",,6.9,,22:24.248,,302.1,,"18,125.0",McLaren F1 Stealth Model 
Super,187,Desafio de 24 Minutos de Nürburgring,1,3,Única,Nürburgrig 24h - CV/HV,3,650,CD,"307,000","199,000","153,000","307,000","614,000",★,8.1,,28:14.618,,362.2,,"21,734.5",McLaren F1 Stealth Model 
Super,188,Desafio de 24 Minutos de Spa-Francorchamps,1,3,Única,Circuit de Spa-Francorchamps - CV/HV,11,750,CD,"251,000","163,000","126,000","251,000","502,000",,6.5,,23:43.730,,352.5,,"21,151.7",Audi R8 Race Car '01
Super,189,Desafio de 10 voltas de Ascari Race Resort,1,3,Única,Ascari - Pista Completa - CV/HV,10,650,ES,"233,000","151,000","116,000","233,000","466,000",,8.6,,23:32.265,,330.0,,"19,801.7",Ferrari FXX '07
Super,190,Desafio de 10 voltas de Silverstone,1,3,Única,Silverstone Grand Prix Circuit - CV/HV,10,650,ES,"216,000","141,000","108,000","216,000","432,000",,7.3,,19:38.026,,366.7,,"22,003.4",Audi R18 TDI 15th Anniv '11
Super,191,24 Minutos de Le Mans,1,3,Única,Circuit de la Sarthe 2013 - CV/HV,7,750,CD,"279,000","181,000","139,000","279,000","558,000",,5.8,,27:00.317,,344.4,,"20,666.7",Audi R8 Race Car '01
Red Bull X,192,Mestres do Kart Red Bull,1,-,Camp.,Silverstone Stowe Circuit - CV/HV,4,506,ES,"63,600","41,300","31,800","63,600","127,200",,18.3,,03:54.435,,543.6,,"32,615.4",Red Bull Racing Kart 125
Red Bull X,193,Mestres do Kart Red Bull,2,-,Camp.,Autumn Ring Mini - CV/HV,4,506,ES,"58,700","38,200","29,400","58,700","117,400",,22.9,,02:45.935,★,707.2,,"42,433.7",Red Bull Racing Kart 126
Red Bull X,194,Mestres do Kart Red Bull,3,-,Camp.,Eiger Nordwand - Pista Curta - CV,3,506,ES,"67,000","43,500","33,500","67,000","134,000",,18.3,,03:58.345,,563.0,,"33,781.5",Red Bull Racing Kart 127
Red Bull X,195,Mestres do Kart Red Bull,4,-,Camp.,Gran Turismo Arena (Percurso A) - HV,8,506,ES,"71,800","46,700","35,900","71,800","143,600",,26.9,★,03:50.066,,624.3,,"37,460.9",Red Bull Racing Kart 128
Red Bull X,196,Campeonato Red Bull X2014 Junior,1,-,Camp.,Silverstone Nacional Circuit - CV/HV,4,728,CS,"88,900","57,800","44,500","88,900","177,800",,16.8,,03:39.831,,808.2,,"48,490.9",Red Bull X2014 Junior
Red Bull X,197,Campeonato Red Bull X2014 Junior,2,-,Camp.,Twin Ring Motegi - Leste,4,728,CS,"88,900","57,800","44,500","88,900","177,800",,13.0,,05:25.748,,545.4,,"32,723.9",Red Bull X2014 Junior
Red Bull X,198,Campeonato Red Bull X2014 Junior,3,-,Camp.,Grand Valley Leste,4,728,CS,"88,900","57,800","44,500","88,900","177,800",,14.8,,04:04.430,,728.7,,"43,721.3",Red Bull X2014 Junior
Red Bull X,199,Campeonato Red Bull X2014 Junior,4,-,Camp.,Circuit di Roma,4,728,CS,"88,900","57,800","44,500","88,900","177,800",,12.8,,04:39.338,,637.3,,"38,236.6",Red Bull X2014 Junior
Red Bull X,200,Campeonato Red Bull X2014 Junior,5,-,Camp.,Brands Hatch Grand Prix Circuit - CV/HV,3,728,CS,"88,900","57,800","44,500","88,900","177,800",,15.1,,04:19.716,,683.8,,"41,030.8",Red Bull X2014 Junior
Red Bull X,201,Campeonato Red Bull X2014 Standard,1,-,Camp.,Silverstone Grand Prix Circuit - CV/HV,3,920,CS,"130,000","84,000","65,000","130,000","260,000",,14.7,,04:32.227,,955.9,,"57,352.9",Red Bull X2014 Standard
Red Bull X,202,Campeonato Red Bull X2014 Standard,2,-,Camp.,Trial Mountain Circuit,3,920,CS,"124,000","80,000","62,000","124,000","248,000",,20.8,,03:00.216,,"1,377.8",,"82,666.7",Red Bull X2014 Standard
Red Bull X,203,Campeonato Red Bull X2014 Standard,3,-,Camp.,Apricot Hill Raceway - CV/HV,3,920,CS,"121,000","79,000","61,000","121,000","242,000",,20.9,,02:55.482,,"1,382.9",★,"82,971.4",Red Bull X2014 Standard
Red Bull X,204,Campeonato Red Bull X2014 Standard,4,-,Camp.,Fuji Speedway F,3,920,CS,"129,000","84,000","65,000","129,000","258,000",,18.8,,03:43.703,,"1,151.8",,"69,107.1",Red Bull X2014 Standard
Red Bull X,205,Campeonato Red Bull X2014 Standard,5,-,Camp.,Nürburgrig GP/F - CV/HV,3,920,CS,"138,000","90,000","69,000","138,000","276,000",★,17.9,,04:30.760,,"1,018.5",,"61,107.0",Red Bull X2014 Standard